time,2_5_percents,50_percents,97_5_percents,id
1,-1.48,-0.17,1.01,1
2,-1.19,-0.09,0.97,2
3,-1.01,0.03,1.04,3
4,-0.9,0.08,1,4
5,-0.85,0.13,1.1,5
6,-1.05,0.14,1.38,6
7,-1.19,0.06,1.24,7
8,-1.31,-0.06,1.16,8
9,-1.71,-0.34,0.85,9
10,-2.18,-0.74,0.63,10
11,-2.93,-1.33,0.18,11
12,-3.59,-2,-0.56,12
13,-4.49,-2.71,-1.24,13
14,-5.27,-3.44,-1.92,14
15,-6.01,-4.12,-2.53,15
16,-6.65,-4.7,-2.93,16
17,-7.37,-5.27,-3.51,17
18,-7.94,-5.67,-3.84,18
19,-8.19,-5.93,-4.09,19
20,-8.41,-6.14,-4.31,20
21,-8.57,-6.26,-4.4,21
22,-8.43,-6.28,-4.43,22
23,-8.51,-6.25,-4.4,23
24,-8.36,-6.23,-4.38,24
25,-8.23,-6.12,-4.26,25
26,-8.05,-5.97,-4.06,26
27,-8.11,-5.94,-4.08,27
28,-7.96,-5.89,-4.12,28
29,-7.99,-5.92,-4.15,29
30,-7.92,-5.83,-3.99,30
31,-7.79,-5.74,-3.98,31
32,-7.67,-5.63,-4.01,32
33,-7.53,-5.58,-3.92,33
34,-7.5,-5.56,-3.92,34
35,-7.61,-5.58,-3.92,35
36,-7.57,-5.59,-3.96,36
37,-7.64,-5.62,-3.95,37
38,-7.72,-5.72,-4.01,38
39,-7.85,-5.75,-4.11,39
40,-7.74,-5.81,-4.15,40
41,-7.75,-5.8,-4.12,41
42,-7.77,-5.73,-4.05,42
43,-7.6,-5.63,-3.95,43
44,-7.4,-5.43,-3.83,44
45,-7.23,-5.35,-3.71,45
46,-7.08,-5.28,-3.73,46
47,-7.16,-5.3,-3.79,47
48,-7.17,-5.3,-3.73,48
49,-7.14,-5.21,-3.68,49
50,-6.84,-5.11,-3.58,50
51,-6.78,-4.95,-3.5,51
52,-6.74,-4.83,-3.32,52
53,-6.7,-4.8,-3.27,53
54,-6.63,-4.8,-3.21,54
55,-6.82,-4.88,-3.28,55
56,-6.93,-4.92,-3.33,56
57,-6.89,-5.08,-3.45,57
58,-7.26,-5.21,-3.59,58
59,-7.43,-5.46,-3.69,59
60,-7.68,-5.65,-3.91,60
61,-7.94,-5.8,-4.02,61
62,-8.06,-5.89,-4.14,62
63,-8.17,-6.01,-4.21,63
64,-8.35,-6.06,-4.29,64
65,-8.37,-6.12,-4.32,65
66,-8.18,-5.99,-4.22,66
67,-8.07,-5.82,-4.09,67
68,-7.67,-5.59,-3.87,68
69,-7.52,-5.34,-3.62,69
70,-7.14,-5.03,-3.42,70
71,-6.56,-4.61,-3.11,71
72,-6.12,-4.31,-2.8,72
73,-5.9,-4.01,-2.56,73
74,-5.46,-3.7,-2.24,74
75,-4.98,-3.3,-1.88,75
76,-4.62,-2.97,-1.59,76
77,-4.4,-2.79,-1.42,77
78,-4.21,-2.61,-1.29,78
79,-4.05,-2.47,-1.01,79
80,-4.06,-2.36,-1,80
81,-3.95,-2.31,-0.95,81
82,-4,-2.34,-0.99,82
83,-4.12,-2.34,-0.91,83
84,-4.05,-2.39,-1.04,84
85,-4.31,-2.56,-1.17,85
86,-4.39,-2.72,-1.33,86
87,-4.57,-2.85,-1.44,87
88,-4.65,-2.89,-1.37,88
89,-4.55,-2.82,-1.42,89
90,-4.52,-2.82,-1.49,90
91,-4.43,-2.77,-1.37,91
92,-4.38,-2.68,-1.27,92
93,-4.21,-2.6,-1.17,93
94,-4.09,-2.42,-0.96,94
95,-3.91,-2.24,-0.84,95
96,-3.8,-2.07,-0.68,96
97,-3.61,-1.89,-0.45,97
98,-3.48,-1.72,-0.24,98
99,-3.36,-1.61,-0.09,99
100,-3.34,-1.55,-0.1,100
101,-3.3,-1.5,-0.04,101
102,-3.27,-1.56,-0.19,102
103,-3.36,-1.6,-0.27,103
104,-3.35,-1.75,-0.36,104
105,-3.56,-1.82,-0.47,105
106,-3.59,-1.94,-0.56,106
107,-3.66,-2.06,-0.68,107
108,-3.76,-2.15,-0.7,108
109,-3.85,-2.22,-0.77,109
110,-3.93,-2.23,-0.75,110
111,-3.6,-1.93,-0.47,111
112,-3.09,-1.52,-0.14,112
113,-2.74,-1.12,0.33,113
114,-2.36,-0.77,0.56,114
115,-1.99,-0.48,0.87,115
116,-1.59,-0.12,1.2,116
117,-1.26,0.28,1.71,117
118,-0.79,0.67,2.24,118
119,-0.31,1.1,2.54,119
120,0.18,1.54,2.96,120
121,0.36,1.85,3.32,121
122,0.5,1.98,3.56,122
123,0.43,1.99,3.6,123
124,0.06,1.78,3.5,124
125,-0.49,1.49,3.32,125
126,-1.03,1.18,2.98,126
127,-1.48,0.75,2.68,127
128,-2.11,0.27,2.18,128
129,-2.64,-0.3,1.64,129
130,-3.18,-0.94,1.01,130
131,-4.15,-1.74,0.13,131
132,-4.76,-2.33,-0.42,132
133,-5.13,-2.91,-1.09,133
134,-5.74,-3.53,-1.61,134
135,-6.31,-4.1,-2.46,135
136,-6.67,-4.55,-2.79,136
137,-7.1,-4.83,-2.97,137
138,-7.28,-5,-3.19,138
139,-7.4,-5.13,-3.29,139
140,-7.37,-5.19,-3.45,140
141,-7.5,-5.25,-3.45,141
142,-7.53,-5.24,-3.43,142
143,-7.67,-5.34,-3.53,143
144,-7.9,-5.48,-3.49,144
145,-8.19,-5.58,-3.58,145
146,-8.41,-5.71,-3.57,146
147,-8.53,-5.79,-3.62,147
148,-8.56,-5.82,-3.71,148
149,-8.36,-5.54,-3.22,149
150,-8.26,-5.45,-3.09,150
151,-8.26,-5.28,-2.98,151
152,-8.19,-5.24,-3.07,152
153,-8.04,-5.34,-3.1,153
154,-7.87,-5.21,-3.13,154
155,-7.75,-5.13,-2.99,155
156,-7.62,-5.12,-3.18,156
157,-7.57,-5.27,-3.32,157
158,-7.52,-5.2,-3.28,158
159,-7.45,-5.12,-3.19,159
160,-7.27,-5.09,-3.23,160
161,-7.41,-5.07,-3.3,161
162,-7.21,-5,-3.09,162
163,-7.14,-4.92,-3.11,163
164,-7.43,-4.96,-3.02,164
165,-7.28,-4.98,-3.02,165
166,-7.42,-4.96,-3.08,166
167,-7.32,-4.97,-2.96,167
168,-7.25,-4.88,-2.99,168
169,-7.01,-4.82,-2.89,169
170,-7.12,-4.67,-2.85,170
171,-6.93,-4.71,-2.81,171
172,-7.06,-4.7,-2.84,172
173,-7.14,-4.72,-2.8,173
174,-7.12,-4.79,-2.84,174
175,-7.27,-4.7,-2.51,175
176,-7.19,-4.56,-2.37,176
177,-7.16,-4.46,-2.3,177
178,-7.18,-4.43,-2.27,178
179,-7.32,-4.46,-2.29,179
180,-7.17,-4.49,-2.23,180
181,-7.07,-4.53,-2.34,181
182,-7.19,-4.64,-2.5,182
183,-7.08,-4.7,-2.64,183
184,-7,-4.64,-2.56,184
185,-7.04,-4.54,-2.61,185
186,-6.66,-4.33,-2.49,186
187,-6.23,-4.04,-2.07,187
188,-5.82,-3.73,-1.82,188
189,-5.68,-3.5,-1.64,189
190,-5.7,-3.41,-1.44,190
191,-5.61,-3.25,-1.26,191
192,-5.31,-3.17,-1.14,192
193,-5.19,-2.89,-1.02,193
194,-5.15,-3.08,-1.35,194
195,-4.92,-2.82,-0.99,195
196,-4.4,-2.36,-0.46,196
197,-4.21,-2.06,-0.18,197
198,-3.72,-1.93,-0.09,198
199,-3.91,-1.89,0,199
200,-3.78,-1.7,0.09,200
201,-3.72,-1.82,0.05,201
202,-3.59,-1.67,0.28,202
203,-3.41,-1.49,0.3,203
204,-3.49,-1.41,0.54,204
205,-3.39,-1.41,0.5,205
206,-3.39,-1.47,0.43,206
207,-3.49,-1.42,0.4,207
208,-3.2,-1.35,0.52,208
209,-3.33,-1.27,0.66,209
210,-3.2,-1.21,0.64,210
211,-3.06,-1.11,0.8,211
212,-2.96,-0.96,0.75,212
213,-2.76,-0.95,0.88,213
214,-2.81,-0.82,0.91,214
215,-2.55,-0.6,1.3,215
216,-2.46,-0.52,1.25,216
217,-2.32,-0.54,1.49,217
218,-2.6,-0.62,1.25,218
219,-2.94,-0.84,1.05,219
220,-3.07,-1.06,0.87,220
221,-3.56,-1.47,0.48,221
222,-3.89,-1.81,0,222
223,-4.6,-2.39,-0.44,223
224,-5.08,-2.77,-0.88,224
225,-5.45,-3.11,-1.23,225
226,-5.49,-3.28,-1.28,226
227,-5.48,-3.31,-1.26,227
228,-5.43,-3.3,-1.29,228
229,-5.43,-3.09,-1.18,229
230,-5.19,-2.97,-1.02,230
231,-4.73,-2.46,-0.65,231
232,-4.31,-2.13,-0.16,232
233,-3.98,-1.78,-0.07,233
234,-3.79,-1.59,0.55,234
235,-3.5,-1.32,0.72,235
236,-3.22,-1.07,0.98,236
237,-3.24,-1.08,1.05,237
238,-3.41,-1.19,1.06,238
239,-3.66,-1.4,0.83,239
240,-4.02,-1.71,0.38,240
241,-4.43,-1.95,0.19,241
242,-4.48,-2.22,-0.11,242
243,-5.11,-2.53,-0.44,243
244,-5.39,-2.92,-0.56,244
245,-5.94,-3.37,-1.16,245
246,-6.29,-3.85,-1.75,246
247,-7.09,-4.35,-2.13,247
248,-7.15,-4.65,-2.37,248
249,-7.61,-4.84,-2.73,249
250,-7.67,-5.05,-2.9,250
251,-7.58,-5.12,-2.97,251
252,-7.71,-5.02,-2.85,252
253,-7.32,-4.99,-2.92,253
254,-7.38,-5.11,-2.99,254
255,-7.62,-5.02,-3.11,255
256,-7.51,-5.01,-3.12,256
257,-7.37,-5,-2.96,257
258,-7.46,-5.01,-3.06,258
259,-7.34,-4.81,-2.88,259
260,-7.17,-4.81,-2.68,260
261,-7.05,-4.71,-2.81,261
262,-6.99,-4.57,-2.72,262
263,-7.27,-4.81,-2.91,263
264,-7.66,-5.08,-3.1,264
265,-7.53,-5.14,-3.11,265
266,-7.78,-5.31,-3.2,266
267,-7.56,-5.17,-3.12,267
268,-7.52,-5.1,-3.16,268
269,-7.46,-5.1,-3.32,269
270,-7.49,-5.07,-3.14,270
271,-7.77,-5.31,-3.36,271
272,-7.76,-5.3,-3.2,272
273,-7.7,-5.2,-3.27,273
274,-7.56,-5.19,-3.18,274
275,-7.45,-5.04,-3.11,275
276,-7.21,-4.79,-2.71,276
277,-6.93,-4.58,-2.69,277
278,-7.01,-4.55,-2.57,278
279,-6.79,-4.52,-2.49,279
280,-6.53,-4.41,-2.39,280
281,-6.46,-4.21,-2.13,281
282,-6.26,-3.99,-1.92,282
283,-5.97,-3.63,-1.67,283
284,-5.67,-3.16,-1.1,284
285,-5.12,-2.83,-0.56,285
286,-4.85,-2.59,-0.71,286
287,-5,-2.52,-0.63,287
288,-4.93,-2.61,-0.72,288
289,-5.31,-3,-1,289
290,-5.6,-3.37,-1.13,290
291,-5.95,-3.6,-1.51,291
292,-6.31,-3.8,-1.8,292
293,-6.41,-4.12,-2.07,293
294,-6.77,-4.45,-2.43,294
295,-6.75,-4.49,-2.51,295
296,-6.65,-4.39,-2.3,296
297,-6.63,-4.27,-2.34,297
298,-6.29,-4.12,-2.28,298
299,-6.27,-3.96,-2.02,299
300,-6.08,-3.84,-1.96,300
301,-6.05,-3.8,-1.94,301
302,-6.11,-3.66,-1.83,302
303,-5.78,-3.56,-1.56,303
304,-5.64,-3.29,-1.46,304
305,-5.51,-3.22,-1.25,305
306,-5.25,-2.91,-0.89,306
307,-5.07,-2.74,-0.79,307
308,-4.93,-2.62,-0.55,308
309,-4.87,-2.51,-0.49,309
310,-4.74,-2.37,-0.39,310
311,-4.63,-2.2,-0.21,311
312,-4.62,-2.24,-0.05,312
313,-4.69,-2.17,-0.05,313
314,-4.32,-2.08,-0.02,314
315,-4.07,-1.95,0.15,315
316,-4.1,-1.83,0.15,316
317,-4.2,-1.79,0.17,317
318,-4.07,-1.72,0.39,318
319,-3.79,-1.61,0.53,319
320,-3.77,-1.44,0.71,320
321,-3.71,-1.22,1.02,321
322,-3.58,-0.99,1.24,322
323,-3.04,-0.66,1.55,323
324,-2.75,-0.5,1.64,324
325,-2.48,-0.28,1.83,325
326,-2.32,-0.02,2.2,326
327,-2.13,0.17,2.19,327
328,-1.92,0.19,2.4,328
329,-2.1,0.14,2.45,329
330,-1.88,0.24,2.48,330
331,-1.79,0.25,2.33,331
332,-1.78,0.39,2.52,332
333,-1.85,0.31,2.6,333
334,-2.12,0.11,2.31,334
335,-2.5,-0.31,1.86,335
336,-2.89,-0.79,1.34,336
337,-3.59,-1.32,0.9,337
338,-4.36,-1.8,0.54,338
339,-4.81,-2.06,0.71,339
340,-4.99,-2.44,-0.03,340
341,-6.31,-3.12,-0.37,341
342,-6.52,-3.63,-1.04,342
343,-7.29,-4.21,-1.93,343
344,-7.58,-4.73,-2.14,344
345,-7.98,-5,-2.6,345
346,-7.83,-5.23,-2.87,346
347,-8.14,-5.27,-2.93,347
348,-8.05,-5.39,-3.08,348
349,-8.14,-5.45,-3.17,349
350,-8.2,-5.5,-3.17,350
351,-8.15,-5.59,-3.21,351
352,-8.19,-5.67,-3.48,352
353,-8.22,-5.55,-3.44,353
354,-8.24,-5.57,-3.41,354
355,-8.19,-5.59,-3.25,355
356,-8.02,-5.52,-3.43,356
357,-8.03,-5.51,-3.32,357
358,-8.02,-5.46,-3.16,358
359,-7.9,-5.46,-3.4,359
360,-7.85,-5.43,-3.24,360
361,-8.45,-5.7,-3.46,361
362,-8.73,-5.84,-3.59,362
363,-8.96,-6.03,-3.69,363
364,-9.06,-6.07,-3.55,364
365,-8.97,-6.17,-3.69,365
366,-9,-6.08,-3.56,366
367,-8.75,-5.85,-3.43,367
368,-8.71,-5.76,-3.4,368
369,-8.61,-5.64,-2.92,369
370,-8.05,-5.41,-3.04,370
371,-7.94,-5.25,-2.82,371
372,-8.08,-5.29,-2.81,372
373,-8.14,-5.35,-3.09,373
374,-8.02,-5.33,-2.95,374
375,-7.96,-5.11,-2.7,375
376,-7.6,-4.88,-2.53,376
377,-7.4,-4.67,-2.45,377
378,-7.33,-4.59,-2.45,378
379,-7.13,-4.55,-2.18,379
380,-7.07,-4.44,-2.17,380
381,-6.74,-4.28,-2.09,381
382,-6.7,-4.27,-1.81,382
383,-6.66,-4.07,-1.7,383
384,-6.5,-3.87,-1.73,384
385,-6.64,-3.97,-1.53,385
386,-6.76,-3.88,-1.4,386
387,-6.37,-3.61,-1.29,387
388,-6.46,-3.41,-0.83,388
389,-6.07,-3.36,-0.54,389
390,-6.12,-3.23,-0.66,390
391,-5.81,-3.15,-0.56,391
392,-5.84,-3.11,-0.59,392
393,-5.51,-2.69,-0.35,393
394,-4.68,-2.24,0.25,394
395,-4.3,-2,0.39,395
396,-4.18,-1.87,0.54,396
397,-3.72,-1.43,0.92,397
398,-3.53,-1.21,0.97,398
399,-3.46,-1.08,1.24,399
400,-3.21,-0.88,1.52,400
401,-3.12,-0.63,1.74,401
402,-2.47,-0.17,2.03,402
403,-2.39,0.01,2.43,403
404,-2.17,0.01,2.55,404
405,-2.02,0.3,2.49,405
406,-2.03,0.33,2.52,406
407,-1.78,0.34,2.66,407
408,-1.74,0.54,3.05,408
409,-1.44,0.57,2.66,409
410,-1.58,0.52,2.81,410
411,-1.79,0.39,2.4,411
412,-1.86,0.45,2.58,412
413,-1.89,0.32,2.39,413
414,-2,0.15,2.33,414
415,-1.96,0.06,2.24,415
416,-2,-0.04,1.92,416
417,-2.16,-0.07,2.06,417
418,-2.11,-0.15,2.15,418
419,-2.46,-0.32,1.71,419
420,-2.84,-0.49,1.55,420
421,-3.21,-0.77,1.53,421
422,-3.62,-1.23,1.22,422
423,-4.26,-1.47,0.81,423
424,-4.64,-1.85,0.76,424
425,-5.31,-2.5,-0.4,425
426,-5.51,-3.12,-1.11,426
427,-5.93,-3.39,-1.26,427
428,-6.03,-3.64,-1.36,428
429,-6.41,-3.96,-1.76,429
430,-6.92,-4.1,-2.03,430
431,-7,-4.36,-1.97,431
432,-6.97,-4.36,-2.16,432
433,-7.36,-4.59,-2.41,433
434,-7.6,-4.55,-2.11,434
435,-7.21,-4.76,-2.38,435
436,-8.02,-4.94,-2.32,436
437,-8.06,-5.04,-2.72,437
438,-8.2,-5.19,-2.73,438
439,-8.21,-5.14,-2.73,439
440,-7.91,-5.07,-2.68,440
441,-7.78,-4.89,-2.56,441
442,-7.22,-4.6,-2.22,442
443,-7.11,-4.43,-2.21,443
444,-7.01,-4.4,-2.04,444
445,-7.13,-4.43,-2.14,445
446,-7.37,-4.79,-2.61,446
447,-7.22,-4.81,-2.46,447
448,-7.3,-4.76,-2.54,448
449,-7.48,-4.89,-2.57,449
450,-7.43,-4.96,-2.73,450
451,-7.59,-4.83,-2.57,451
452,-7.56,-4.87,-2.36,452
453,-7.59,-4.99,-2.55,453
454,-7.82,-4.99,-2.59,454
455,-7.92,-5.23,-2.63,455
456,-8.23,-5.14,-2.61,456
457,-8.51,-5.2,-2.64,457
458,-8.7,-5.44,-2.67,458
459,-8.92,-5.43,-2.77,459
460,-9.43,-6.43,-3.59,460
461,-9.64,-6.28,-3.62,461
462,-9.08,-5.98,-3.37,462
463,-8.9,-5.74,-3.25,463
464,-8.52,-5.74,-3.06,464
465,-8.92,-5.77,-2.98,465
466,-9.18,-5.83,-3.01,466
467,-9.26,-5.98,-3.31,467
468,-9.44,-6.09,-2.9,468
469,-9.45,-6.12,-3.21,469
470,-9.23,-6.06,-3,470
471,-9.43,-5.99,-3.06,471
472,-8.95,-5.9,-2.75,472
473,-9.13,-5.92,-2.86,473
474,-9.08,-5.87,-3.2,474
475,-9.02,-5.79,-2.73,475
476,-9.09,-5.91,-2.99,476
477,-9.28,-5.78,-2.94,477
478,-8.92,-5.48,-2.9,478
479,-8.48,-5.41,-2.71,479
480,-8.18,-5.19,-2.4,480
481,-7.83,-4.89,-2.43,481
482,-7.49,-4.52,-2.11,482
483,-7.06,-4.14,-1.36,483
484,-6.23,-3.54,-1.03,484
485,-5.88,-3.36,-0.99,485
486,-5.97,-3.29,-0.69,486
487,-6.03,-3.21,-0.76,487
488,-5.85,-3.05,-0.81,488
489,-5.54,-2.84,-0.28,489
490,-5.25,-2.63,-0.14,490
491,-4.6,-2.29,0.26,491
492,-4.64,-2.22,0.14,492
493,-4.12,-2,0.32,493
494,-4.22,-1.88,0.56,494
495,-4.49,-2.01,0.21,495
496,-4.62,-2.21,0.14,496
497,-4.62,-2.27,-0.18,497
498,-4.78,-2.3,0.03,498
499,-4.76,-2.4,-0.13,499
500,-5.08,-2.4,-0.3,500
501,-4.87,-2.35,-0.21,501
502,-4.85,-2.27,-0.27,502
503,-5.09,-2.44,-0.25,503
504,-4.75,-2.32,0,504
505,-5.28,-2.36,0.06,505
506,-5.1,-2.37,-0.16,506
507,-4.81,-2.29,0.21,507
508,-4.45,-2.25,0.06,508
509,-4.86,-2.34,0.14,509
510,-4.96,-2.48,-0.15,510
511,-5.39,-2.65,-0.56,511
512,-5.23,-2.86,-0.74,512
513,-5.6,-2.99,-0.59,513
514,-5.75,-3.19,-0.82,514
515,-5.93,-3.1,-0.79,515
516,-5.62,-3.06,-0.91,516
517,-5.57,-3.15,-0.94,517
518,-5.81,-3.26,-1.06,518
519,-5.76,-3.2,-0.98,519
520,-5.73,-3.25,-0.83,520
521,-5.56,-3.15,-0.97,521
522,-5.61,-3.12,-1.07,522
523,-5.64,-2.97,-0.84,523
524,-5.33,-2.92,-0.74,524
525,-5.23,-2.69,-0.37,525
526,-4.99,-2.69,-0.51,526
527,-5.6,-2.81,-0.56,527
528,-5.57,-2.94,-0.64,528
529,-5.75,-3.13,-0.64,529
530,-5.67,-3.23,-0.76,530
531,-6.01,-3.34,-0.87,531
532,-6.21,-3.32,-0.8,532
533,-6.53,-3.58,-0.64,533
534,-6.48,-3.59,-1.09,534
535,-6.68,-3.87,-1.51,535
536,-6.83,-4.15,-1.45,536
537,-6.85,-4.08,-1.67,537
538,-7.28,-4.34,-1.78,538
539,-7.86,-4.74,-2.19,539
540,-8.38,-4.99,-2.16,540
541,-8.22,-5.13,-2.39,541
542,-8.55,-5.16,-2.62,542
543,-8.17,-5.11,-2.38,543
544,-8.07,-5.11,-2.47,544
545,-8,-5,-2.25,545
546,-8.16,-4.94,-1.95,546
547,-7.84,-5.04,-2.72,547
548,-8.28,-5.13,-2.6,548
549,-8.22,-5.14,-2.52,549
550,-7.94,-5.04,-2.55,550
551,-7.68,-4.96,-2.39,551
552,-7.94,-4.94,-2.24,552
553,-7.66,-4.77,-2.08,553
554,-7.39,-4.75,-2.19,554
555,-7.46,-4.59,-2.16,555
556,-7.25,-4.43,-2.09,556
557,-7.37,-4.36,-2.1,557
558,-7.22,-4.43,-2.12,558
559,-7.23,-4.27,-1.78,559
560,-6.7,-3.88,-1.61,560
561,-6.12,-3.71,-1.4,561
562,-6.27,-3.63,-1.14,562
563,-6.48,-3.6,-1.18,563
564,-6.46,-3.56,-0.89,564
565,-6.71,-3.53,-1.13,565
566,-6.48,-3.57,-0.81,566
567,-6.39,-3.43,-0.86,567
568,-6.15,-3.38,-0.69,568
569,-6.11,-3.36,-0.57,569
570,-5.61,-2.98,-0.14,570
571,-5.06,-2.38,-0.19,571
572,-4.99,-1.96,0.58,572
573,-4.14,-1.45,1.31,573
574,-3.64,-1.19,1.5,574
575,-3.68,-0.99,1.44,575
576,-3.25,-0.84,1.7,576
577,-3.31,-0.81,1.65,577
578,-3.65,-0.8,1.47,578
579,-3.11,-0.58,2,579
580,-3.35,-0.73,1.86,580
581,-3.54,-1.13,1.24,581
582,-3.63,-1.26,1,582
583,-3.84,-1.2,0.8,583
584,-3.4,-1.38,1,584
585,-3.95,-1.41,0.98,585
586,-3.88,-1.46,1.02,586
587,-3.96,-1.52,0.78,587
588,-4.41,-1.64,0.82,588
589,-4.16,-1.77,0.79,589
590,-4.74,-1.92,0.49,590
591,-4.45,-1.91,0.81,591
592,-4.28,-1.76,0.75,592
593,-4.53,-1.65,0.81,593
594,-4.17,-1.72,0.78,594
595,-4.15,-1.55,1.06,595
596,-4.34,-1.72,0.83,596
597,-4.21,-1.73,0.95,597
598,-4.13,-1.69,0.54,598
599,-4.09,-1.47,0.96,599
600,-4.01,-1.45,0.75,600
601,-3.66,-1.44,1,601
602,-3.76,-1.27,1.16,602
603,-3.71,-1.09,1.09,603
604,-3.24,-0.91,1.35,604
605,-3.75,-1.01,1.24,605
606,-3.69,-1.15,1.64,606
607,-3.86,-1.15,1.48,607
608,-3.58,-1,1.56,608
609,-3.44,-1.02,1.38,609
610,-3.25,-0.99,1.47,610
611,-3.28,-0.96,1.42,611
612,-3.31,-0.87,1.81,612
613,-3.22,-0.91,1.71,613
614,-3.45,-0.89,1.47,614
615,-3.42,-1.06,1.28,615
616,-3.59,-1.18,1.17,616
617,-3.6,-1.19,1.26,617
618,-3.47,-1.12,1.18,618
619,-3.45,-0.98,1.62,619
620,-3.59,-1.07,1.41,620
621,-3.62,-1.17,1.18,621
622,-3.96,-1.48,0.95,622
623,-4.43,-1.79,0.87,623
624,-4.39,-1.88,0.64,624
625,-4.65,-1.96,0.78,625
626,-4.67,-2.22,0.23,626
627,-5.18,-2.66,-0.13,627
628,-5.58,-2.83,-0.06,628
629,-6.04,-3.19,-0.63,629
630,-6.76,-3.62,-1.17,630
631,-7.02,-3.89,-1.48,631
632,-6.87,-4.03,-1.64,632
633,-7.2,-4.17,-1.71,633
634,-7.23,-4.21,-1.52,634
635,-7.13,-4.2,-1.84,635
636,-7.14,-4.32,-1.67,636
637,-7.33,-4.5,-1.84,637
638,-7.47,-4.67,-2.29,638
639,-7.86,-4.75,-2.02,639
640,-7.59,-4.74,-2.09,640
641,-7.5,-4.69,-2.16,641
642,-7.53,-4.66,-2.2,642
643,-7.29,-4.56,-2.17,643
644,-7.2,-4.49,-1.93,644
645,-7.03,-4.25,-1.62,645
646,-6.53,-3.91,-1.5,646
647,-6.59,-3.67,-1.31,647
648,-6.56,-3.67,-1.2,648
649,-6.68,-3.63,-0.92,649
650,-6.8,-3.81,-0.92,650
651,-6.94,-3.85,-1.05,651
652,-7.1,-4.04,-1.04,652
653,-7.34,-4.23,-1.47,653
654,-7.62,-4.54,-2.11,654
655,-7.63,-4.61,-1.6,655
656,-7.64,-4.57,-1.87,656
657,-7.49,-4.61,-1.95,657
658,-7.6,-4.59,-1.88,658
659,-7.53,-4.65,-2.04,659
660,-7.72,-4.73,-2.16,660
661,-7.75,-4.7,-1.99,661
662,-7.82,-4.79,-2.18,662
663,-8.14,-4.88,-1.98,663
664,-8.07,-4.78,-2.26,664
665,-7.44,-4.74,-2.2,665
666,-7.28,-4.43,-1.84,666
667,-6.9,-4.15,-1.12,667
668,-6.95,-4.03,-1.24,668
669,-7.11,-3.94,-1.61,669
670,-6.96,-4.18,-1.61,670
671,-7.37,-4.33,-1.78,671
672,-7.44,-4.53,-1.56,672
673,-7.57,-4.22,-1.63,673
674,-7.51,-4.21,-1.69,674
675,-7.44,-4.15,-1.5,675
676,-6.76,-4.08,-1.39,676
677,-6.71,-3.94,-1.48,677
678,-7.14,-3.92,-1.41,678
679,-6.78,-3.97,-1.27,679
680,-7.31,-3.95,-1.32,680
681,-6.82,-4.01,-1.1,681
682,-6.94,-3.86,-1.34,682
683,-6.75,-3.77,-0.97,683
684,-6.42,-3.76,-1.3,684
685,-6.31,-3.74,-1.26,685
686,-6.37,-3.65,-1.34,686
687,-6.66,-3.64,-1.2,687
688,-6.23,-3.62,-1.13,688
689,-6.16,-3.49,-1.07,689
690,-5.69,-2.98,-0.53,690
691,-5.5,-3.03,-0.65,691
692,-5.59,-2.76,-0.29,692
693,-4.91,-2.51,-0.33,693
694,-5.06,-2.31,0.56,694
695,-5.02,-2.35,0.25,695
696,-5.15,-2.37,0.08,696
697,-4.74,-1.99,0.61,697
698,-4.15,-1.55,0.92,698
699,-4.09,-1.65,1.01,699
700,-4.38,-1.73,0.54,700
701,-4.34,-1.63,0.68,701
702,-4.23,-1.72,0.84,702
703,-3.88,-1.5,0.94,703
704,-3.7,-1.31,0.93,704
705,-3.29,-1.22,1.08,705
706,-3.47,-0.98,1.22,706
707,-3.38,-1.2,1.25,707
708,-3.62,-1.24,1.08,708
709,-4.18,-1.29,1.03,709
710,-3.98,-1.57,0.5,710
711,-4.59,-1.97,0.17,711
712,-4.9,-2.31,0.05,712
713,-5.49,-2.76,-0.65,713
714,-5.67,-3.27,-1.03,714
715,-5.82,-3.3,-1.04,715
716,-5.87,-3.52,-1.13,716
717,-6.37,-3.69,-1.6,717
718,-6.82,-3.81,-1.35,718
719,-6.64,-3.93,-1.85,719
720,-6.51,-3.96,-1.53,720
721,-6.56,-3.95,-1.58,721
722,-6.37,-3.95,-1.42,722
723,-6.68,-3.97,-1.52,723
724,-6.52,-3.89,-1.36,724
725,-6.62,-3.96,-1.55,725
726,-6.71,-3.93,-1.45,726
727,-6.2,-3.83,-1.4,727
728,-6.42,-3.68,-1.37,728
729,-6.87,-3.67,-0.74,729
730,-7.06,-3.55,-1.29,730
731,-6.37,-3.55,-1.15,731
732,-6.37,-3.47,-1.14,732
733,-6.47,-3.48,-0.64,733
734,-6.53,-3.39,-0.15,734
735,-6.2,-3.15,-0.29,735
736,-5.99,-2.98,0.14,736
737,-5.82,-2.87,-0.17,737
738,-5.62,-2.98,-0.6,738
739,-5.52,-3.05,-0.46,739
740,-5.6,-3.17,-1,740
741,-5.97,-3.15,-0.88,741
742,-5.61,-3.15,-1.13,742
743,-5.7,-3.14,-0.67,743
744,-5.53,-3.01,-0.87,744
745,-6.04,-3.17,-0.83,745
746,-5.98,-3.18,-0.84,746
747,-6.28,-3.31,-0.7,747
748,-6.28,-3.34,-0.9,748
749,-6.97,-3.62,-0.76,749
750,-7.33,-3.79,-0.79,750
751,-8.11,-4.14,-0.98,751
752,-8.62,-4.58,-1.77,752
753,-9.22,-5.23,-2.01,753
754,-9.07,-5.68,-2.59,754
755,-9.14,-5.74,-1.76,755
756,-9.27,-5.77,-1.79,756
757,-9.35,-5.54,-1.81,757
758,-9.07,-5.22,-1.62,758
759,-9.11,-4.88,-1.29,759
760,-8.4,-4.35,-0.7,760
761,-7.48,-4.02,-0.97,761
762,-7.39,-3.62,-0.07,762
763,-6.48,-3.39,0.2,763
764,-6.47,-3.19,0.21,764
765,-6.55,-3.08,0.06,765
766,-6.22,-3.09,0.79,766
767,-6.55,-3.07,0.29,767
768,-6.51,-3.3,-0.02,768
769,-6.72,-3.43,-0.16,769
770,-6.64,-3.22,-0.05,770
771,-6.57,-3.45,0.21,771
772,-6.88,-3.46,0.58,772
773,-6.81,-3.28,0.22,773
774,-6.43,-2.85,0.83,774
775,-6.65,-2.62,0.89,775
776,-6.31,-2.51,0.92,776
777,-5.74,-2.42,0.85,777
778,-5.48,-2.33,0.35,778
779,-5.03,-2.1,0.73,779
780,-4.97,-2.14,0.86,780
781,-4.98,-1.9,0.55,781
782,-4.94,-1.92,0.44,782
783,-5.05,-2.14,0.23,783
784,-4.82,-2.08,0.64,784
785,-4.95,-2.2,0.63,785
786,-5.08,-2.45,-0.05,786
787,-5.12,-2.59,-0.01,787
788,-5.66,-2.78,0.24,788
789,-5.42,-2.99,-0.58,789
790,-6.42,-3.22,-0.62,790
791,-7.86,-4.14,-1.44,791
792,-8.33,-5.15,-2.54,792
793,-8.56,-5.44,-3.13,793
794,-9.21,-5.58,-3,794
795,-8.79,-5.86,-3.07,795
796,-9.31,-6.04,-3.36,796
797,-9.73,-6.25,-3.8,797
798,-10.14,-6.53,-3.63,798
799,-10.21,-6.82,-3.97,799
800,-10.83,-6.95,-4.35,800
801,-10.53,-7.18,-4.36,801
802,-10.53,-7.21,-4.19,802
803,-10.84,-7.07,-4.3,803
804,-9.65,-6.23,-3.2,804
805,-9.49,-6.14,-3.41,805
806,-9.58,-6.1,-3.03,806
807,-9.39,-6.11,-3,807
808,-9.11,-5.79,-3.21,808
809,-8.91,-5.67,-2.74,809
810,-8.75,-5.64,-2.59,810
811,-8.49,-5.22,-2.2,811
812,-8.31,-4.99,-2.38,812
813,-8.05,-4.78,-2.32,813
814,-7.54,-4.54,-1.67,814
815,-7.26,-4.12,-1.56,815
816,-6.99,-4.06,-1.44,816
817,-6.99,-4.05,-1.35,817
818,-6.61,-3.96,-1.44,818
819,-6.67,-3.95,-1.32,819
820,-6.78,-3.73,-1.53,820
821,-6.55,-3.65,-1.01,821
822,-6.63,-3.58,-0.5,822
823,-5.63,-2.88,-0.41,823
824,-4.83,-2.37,0.21,824
825,-4.64,-2.15,0.33,825
826,-4.79,-2.03,0.58,826
827,-4.75,-2.15,0.57,827
828,-5.32,-2.26,0.37,828
829,-4.96,-2.44,0.17,829
830,-5.43,-2.72,-0.16,830
831,-5.52,-3.01,-0.72,831
832,-5.99,-3.11,-0.44,832
833,-5.86,-3.13,-0.53,833
834,-6.28,-3.28,-0.73,834
835,-6.22,-3.23,-0.72,835
836,-6.24,-3.35,-0.89,836
837,-6.24,-3.51,-0.83,837
838,-6.12,-3.4,-0.69,838
839,-6.21,-3.4,-1.16,839
840,-6.05,-3.3,-0.61,840
841,-5.73,-3.12,-0.81,841
842,-5.42,-2.83,-0.3,842
843,-5.37,-2.69,0.21,843
844,-5.74,-2.7,-0.29,844
845,-5.42,-2.72,-0.49,845
846,-5.57,-2.75,-0.29,846
847,-6.06,-2.83,0.08,847
848,-5.73,-2.97,-0.53,848
849,-5.89,-3.02,-0.23,849
850,-5.76,-2.85,0.37,850
851,-5.8,-2.5,0.53,851
852,-4.94,-2.17,0.94,852
853,-4.48,-1.98,1.03,853
854,-5.02,-2.01,1.23,854
855,-4.75,-1.81,0.97,855
856,-4.66,-1.67,1.47,856
857,-4.16,-1.56,1.38,857
858,-5.2,-1.48,1.15,858
859,-4.9,-1.75,1.05,859
860,-4.69,-1.7,1.43,860
861,-4.58,-1.59,1.25,861
862,-4.18,-1.59,1.11,862
863,-4.58,-1.69,1.4,863
864,-4.64,-1.6,0.74,864
865,-4.12,-1.73,0.94,865
866,-4.97,-1.95,0.48,866
867,-4.53,-1.93,0.53,867
868,-4.76,-2.31,0.21,868
869,-5.73,-2.82,-0.83,869
870,-5.99,-3.23,-0.84,870
871,-6.34,-3.69,-1.01,871
872,-6.97,-4.15,-1.58,872
873,-7.02,-4.2,-1.84,873
874,-7.31,-4.53,-1.92,874
875,-7.45,-4.41,-1.9,875
876,-7.09,-4.3,-1.88,876
877,-7.01,-4.22,-1.57,877
878,-7.2,-4.35,-2.2,878
879,-7.3,-4.4,-1.78,879
880,-7.32,-4.58,-1.8,880
881,-7.2,-4.64,-2.13,881
882,-7,-4.17,-1.75,882
883,-6.99,-4.3,-1.78,883
884,-7.03,-4.27,-1.69,884
885,-6.9,-4.19,-1.73,885
886,-6.91,-4.09,-1.85,886
887,-6.94,-4.15,-1.12,887
888,-6.79,-4.26,-1.65,888
889,-7.23,-4.41,-1.71,889
890,-7.21,-4.39,-1.87,890
891,-7.33,-4.63,-1.91,891
892,-7.52,-4.67,-1.66,892
893,-7.56,-4.7,-1.7,893
894,-8.37,-5.23,-2.52,894
895,-9.11,-5.54,-2.43,895
896,-8.48,-5.51,-2.47,896
897,-8.77,-5.55,-2.48,897
898,-8.51,-5.47,-2.45,898
899,-8.45,-5.36,-2.5,899
900,-8.51,-5.31,-2.26,900
901,-8.43,-4.88,-1.82,901
902,-7.61,-4.5,-1.67,902
903,-7.3,-4.45,-1.7,903
904,-7.32,-4.32,-1.91,904
905,-7.41,-4.36,-1.83,905
906,-7.64,-4.59,-1.89,906
907,-7.38,-4.69,-2.03,907
908,-7.61,-4.24,-1.86,908
909,-6.9,-4.08,-1.7,909
910,-6.75,-4.05,-1.65,910
911,-6.83,-4.03,-1.88,911
912,-6.99,-4.16,-1.7,912
913,-7.13,-4.47,-1.99,913
914,-8.1,-4.81,-2.22,914
915,-8.23,-5.22,-2.61,915
916,-8.39,-5.45,-2.89,916
917,-8.49,-5.52,-2.88,917
918,-8.94,-5.95,-3.68,918
919,-9.14,-6.03,-3.37,919
920,-9.37,-6.2,-3.57,920
921,-9.86,-6.2,-3.72,921
922,-9.87,-6.39,-3.52,922
923,-9.75,-6.39,-3.45,923
924,-9.48,-6.29,-3.31,924
925,-9.46,-6.11,-3.27,925
926,-9.75,-6.03,-3.35,926
927,-9.21,-5.91,-3.36,927
928,-9.03,-5.85,-3.05,928
929,-9.18,-5.82,-3.02,929
930,-8.7,-5.44,-2.79,930
931,-8.17,-4.9,-2.18,931
932,-7.45,-4.64,-2.09,932
933,-7.32,-4.36,-1.72,933
934,-6.79,-4,-1.31,934
935,-6.72,-3.85,-1.18,935
936,-6.66,-3.89,-1.36,936
937,-7.04,-4.04,-1.55,937
938,-6.89,-4.06,-1.52,938
939,-6.69,-3.93,-1.57,939
940,-6.68,-3.9,-1.36,940
941,-6.75,-3.47,-0.39,941
942,-5.2,-2.6,-0.1,942
943,-5.31,-2.38,0.2,943
944,-5.12,-2.31,0.62,944
945,-4.77,-1.89,0.75,945
946,-4.67,-1.71,0.64,946
947,-3.97,-1.36,1.23,947
948,-3.87,-1.14,1.47,948
949,-3.81,-1.07,1.5,949
950,-3.33,-0.62,2.01,950
951,-2.81,-0.13,3,951
952,-2.41,0.15,2.75,952
953,-2.06,0.45,2.83,953
954,-2.12,0.56,3.01,954
955,-2.23,0.26,2.85,955
956,-2.13,0.32,2.95,956
957,-2.83,0.11,2.95,957
958,-2.79,0.02,2.54,958
959,-3.75,-0.8,2.23,959
960,-4.6,-1.71,1,960
961,-4.55,-2.04,0.62,961
962,-5.28,-2.31,0.56,962
963,-5.09,-2.77,-0.23,963
964,-5.8,-3,-0.47,964
965,-6.55,-3.44,-0.78,965
966,-6.82,-3.88,-1.21,966
967,-7.72,-4.21,-0.99,967
968,-7.76,-4.33,-1.49,968
969,-7.56,-4.45,-1.47,969
970,-7.26,-3.94,-1.2,970
971,-6.76,-3.72,-0.95,971
972,-6.28,-3.33,-0.98,972
973,-6.14,-3.21,-0.71,973
974,-6.04,-3.15,-0.54,974
975,-5.73,-3.1,-0.3,975
976,-5.43,-2.72,-0.44,976
977,-5.42,-2.66,-0.34,977
978,-5.13,-2.6,-0.18,978
979,-5.29,-2.42,-0.02,979
980,-5.43,-2.56,-0.18,980
981,-4.97,-2.88,-0.54,981
982,-5.75,-2.95,-0.75,982
983,-5.89,-3.15,-0.87,983
984,-5.97,-3.25,-0.86,984
985,-5.56,-3.14,-0.73,985
986,-5.83,-3.23,-0.82,986
987,-5.81,-3.41,-1.13,987
988,-6.25,-3.27,-0.91,988
989,-5.88,-3.06,-0.84,989
990,-5.8,-3.17,-0.73,990
991,-5.76,-2.93,-0.66,991
992,-5.61,-2.85,-0.5,992
993,-5.07,-2.53,0.02,993
994,-5.1,-2.41,0.18,994
995,-4.9,-2.3,0.05,995
996,-4.9,-2.31,0.16,996
997,-5,-2.3,-0.05,997
998,-4.91,-2.28,0.05,998
999,-5.07,-2.55,0.01,999
1000,-5.41,-2.74,-0.29,1000
1001,-5.67,-2.97,-0.63,1001
1002,-5.86,-3.29,-0.79,1002
1003,-6.08,-3.42,-0.74,1003
1004,-6.41,-3.58,-1.07,1004
1005,-6.56,-3.63,-1.27,1005
1006,-7.09,-3.78,-1.39,1006
1007,-6.67,-3.88,-1.57,1007
1008,-7.01,-4.09,-1.59,1008
1009,-7.14,-4.19,-1.6,1009
1010,-7.83,-4.32,-1.89,1010
1011,-7.22,-4.27,-1.61,1011
1012,-6.75,-4.23,-1.66,1012
1013,-7.16,-3.97,-1.47,1013
1014,-6.72,-3.69,-1.05,1014
1015,-6.21,-3.4,-1.01,1015
1016,-5.94,-3.3,-1.2,1016
1017,-5.66,-3.14,-0.93,1017
1018,-5.87,-2.96,-0.41,1018
1019,-5.43,-2.8,-0.04,1019
1020,-5.51,-2.63,0.12,1020
1021,-5.07,-2.51,0.23,1021
1022,-4.77,-2.32,0.58,1022
1023,-4.65,-1.88,0.22,1023
1024,-3.91,-1.68,0.65,1024
1025,-4.17,-1.52,0.84,1025
1026,-3.81,-1.36,1.21,1026
1027,-3.95,-1.69,1.06,1027
1028,-4.48,-1.68,0.7,1028
1029,-4.34,-1.88,0.73,1029
1030,-4.8,-1.96,0.72,1030
1031,-4.79,-2.04,0.74,1031
1032,-4.94,-2.28,0.18,1032
1033,-5.25,-2.44,0.4,1033
1034,-5.62,-2.74,-0.18,1034
1035,-5.65,-2.61,-0.08,1035
1036,-5.7,-2.72,0.15,1036
1037,-6.14,-3.1,-0.03,1037
1038,-6.5,-3.63,-0.87,1038
1039,-6.76,-3.73,-1.06,1039
1040,-6.72,-3.96,-0.88,1040
1041,-7.26,-4.08,-0.85,1041
1042,-7.21,-4.17,-1.22,1042
1043,-8.01,-4.5,-1.53,1043
1044,-7.69,-4.6,-1.59,1044
1045,-7.67,-4.61,-1.19,1045
1046,-8.63,-4.68,-1.27,1046
1047,-8.85,-5.03,-1.21,1047
1048,-9.23,-5.26,-1.11,1048
1049,-9.71,-5.35,-1.93,1049
1050,-9.67,-5.24,-1.46,1050
1051,-9.64,-5.33,-1.49,1051
1052,-9.66,-4.75,-0.88,1052
1053,-9.49,-4.69,-0.98,1053
1054,-8.4,-4.37,-0.67,1054
1055,-8.82,-4.25,-0.66,1055
1056,-7.75,-4.12,-0.92,1056
1057,-7.83,-4.11,-1.16,1057
1058,-7.42,-3.96,-1.07,1058
1059,-6.5,-3.6,-0.98,1059
1060,-6.36,-3.3,-0.77,1060
1061,-5.77,-2.85,-0.7,1061
1062,-5.82,-2.75,-0.32,1062
1063,-5.36,-2.69,0.08,1063
1064,-4.93,-2.28,0.46,1064
1065,-5.28,-2.24,0.56,1065
1066,-5.3,-1.92,1.04,1066
1067,-5.11,-1.77,1.58,1067
1068,-5.26,-1.35,1.96,1068
1069,-4.9,-1.49,1.9,1069
1070,-5.24,-1.08,2.77,1070
1071,-5.23,-1.06,2.86,1071
1072,-5.83,-0.96,2.9,1072
1073,-5.34,-0.92,2.68,1073
1074,-4.96,-0.84,2.69,1074
1075,-4.38,-0.92,2.5,1075
1076,-3.9,-0.43,2.71,1076
1077,-3.66,-0.48,2.15,1077
1078,-3.78,-0.7,1.99,1078
1079,-3.5,-0.75,1.7,1079
1080,-3.34,-0.94,1.63,1080
1081,-3.64,-0.93,1.59,1081
1082,-3.28,-0.94,1.21,1082
1083,-3.49,-1.08,1.1,1083
1084,-3.68,-1.19,1.07,1084
1085,-3.66,-1.09,1.16,1085
1086,-3.44,-0.95,1.62,1086
1087,-3.69,-1.1,1.12,1087
1088,-3.65,-1.17,1.14,1088
1089,-4.03,-1.48,1.33,1089
1090,-4.33,-1.77,0.54,1090
1091,-4.69,-2.03,0.47,1091
1092,-4.69,-2.42,0.36,1092
1093,-5.22,-2.49,0.06,1093
1094,-5.43,-2.85,0.13,1094
1095,-6.09,-3.04,-0.14,1095
1096,-5.97,-3.38,-0.65,1096
1097,-6.02,-3.39,-0.67,1097
1098,-6.24,-3.34,-0.28,1098
1099,-6.43,-3.53,-0.39,1099
1100,-6.35,-3.33,-0.55,1100
1101,-6.6,-3.36,-0.46,1101
1102,-6.71,-3.62,-0.69,1102
1103,-6.76,-3.63,-0.5,1103
1104,-7.16,-3.81,-0.4,1104
1105,-6.95,-3.93,-0.6,1105
1106,-7.26,-3.6,-0.81,1106
1107,-7.09,-3.59,-0.26,1107
1108,-6.34,-3.24,-0.22,1108
1109,-6.06,-3.03,-0.42,1109
1110,-5.76,-2.95,-0.54,1110
1111,-5.73,-3,-0.22,1111
1112,-5.76,-2.98,-0.36,1112
1113,-5.98,-3.02,-0.71,1113
1114,-6.95,-3.77,-0.84,1114
1115,-7.56,-4.4,-1.85,1115
1116,-7.96,-4.48,-1.92,1116
1117,-8.04,-4.69,-1.73,1117
1118,-8.35,-5.12,-2.72,1118
1119,-8.37,-5.33,-2.25,1119
1120,-8.46,-5.36,-2.64,1120
1121,-8.77,-5.57,-2.83,1121
1122,-8.89,-5.57,-2.7,1122
1123,-9.03,-5.58,-2.84,1123
1124,-8.95,-5.74,-3.12,1124
1125,-8.98,-5.54,-2.56,1125
1126,-7.95,-5.03,-1.91,1126
1127,-8.25,-5,-1.75,1127
1128,-8.53,-5.32,-1.93,1128
1129,-9.06,-5.64,-2.33,1129
1130,-9.33,-5.89,-2.23,1130
1131,-9.4,-5.92,-2.69,1131
1132,-9.85,-6.08,-1.67,1132
1133,-9.71,-5.94,-2.35,1133
1134,-10.18,-5.92,-1.92,1134
1135,-10.07,-5.76,-2.23,1135
1136,-9.94,-5.76,-0.83,1136
1137,-9.73,-5.39,-0.22,1137
1138,-10.03,-5.6,-0.97,1138
1139,-10.55,-5.5,-0.36,1139
1140,-10.54,-5.64,0.13,1140
1141,-10.81,-5.59,-1.04,1141
1142,-10.41,-5.5,-1.07,1142
1143,-11.23,-5.38,-0.69,1143
1144,-10.02,-5.21,-0.44,1144
1145,-9.81,-5.01,-0.98,1145
1146,-9.49,-4.93,-0.77,1146
1147,-9.29,-4.82,-1.43,1147
1148,-8.35,-4.66,-1.08,1148
1149,-8.08,-4.53,-1.3,1149
1150,-7.93,-4.61,-1.48,1150
1151,-8.18,-4.48,-1.11,1151
1152,-7.71,-4.59,-1.3,1152
1153,-7.9,-4.65,-1.49,1153
1154,-8.2,-4.73,-1.69,1154
1155,-8.11,-4.74,-1.74,1155
1156,-8.19,-4.77,-1.69,1156
1157,-7.96,-4.61,-1.31,1157
1158,-7.67,-4.29,-1.36,1158
1159,-6.39,-3.32,-0.15,1159
1160,-5.33,-2.53,0.47,1160
1161,-5,-2.06,0.64,1161
1162,-4.89,-1.91,0.96,1162
1163,-4.25,-1.84,1.04,1163
1164,-4.94,-1.95,1.16,1164
1165,-4.45,-1.79,1.42,1165
1166,-4.64,-1.86,1.26,1166
1167,-4.83,-1.77,1.27,1167
1168,-5.02,-1.79,1.39,1168
1169,-4.67,-1.81,1.44,1169
1170,-4.99,-1.93,1.47,1170
1171,-4.65,-1.67,1.65,1171
1172,-5.22,-1.62,1.74,1172
1173,-4.57,-1.79,1.54,1173
1174,-4.67,-1.7,1.45,1174
1175,-4.42,-1.55,1.56,1175
1176,-4.46,-1.78,1.57,1176
1177,-4.6,-1.71,1.2,1177
1178,-4.59,-1.71,1.31,1178
1179,-4.13,-1.53,1.66,1179
1180,-3.91,-1.42,1.19,1180
1181,-3.97,-1.38,1.72,1181
1182,-3.82,-1.44,1.56,1182
1183,-4.43,-1.4,1.64,1183
1184,-4.38,-1.34,1.63,1184
1185,-4.21,-1.17,1.22,1185
1186,-4.43,-1.22,1.56,1186
1187,-4.12,-1.12,1.48,1187
1188,-3.91,-0.97,1.97,1188
1189,-4.29,-0.98,1.83,1189
1190,-4.58,-1.02,2.13,1190
1191,-4.77,-1.18,1.87,1191
1192,-4.85,-1.48,1.71,1192
1193,-5.58,-1.77,1.57,1193
1194,-5.68,-1.85,2.03,1194
1195,-5.68,-2.11,1.71,1195
1196,-6.72,-2.6,2.14,1196
1197,-6.38,-2.43,1.5,1197
1198,-7.13,-2.75,1.39,1198
1199,-6.88,-2.83,2,1199
1200,-7.19,-2.69,1.7,1200
1201,-6.93,-2.69,1.01,1201
1202,-6.74,-3.06,0.91,1202
1203,-7.2,-3.34,0.5,1203
1204,-7.13,-3.8,-0.67,1204
1205,-7.47,-3.95,-0.66,1205
1206,-7.28,-3.85,-0.38,1206
1207,-6.67,-3.68,-0.41,1207
1208,-6.23,-3.43,-0.64,1208
1209,-6.16,-3.37,-0.67,1209
1210,-6.39,-3.39,-0.41,1210
1211,-6.07,-3.36,-0.73,1211
1212,-6.26,-3.32,-0.62,1212
1213,-6.32,-3.51,-0.5,1213
1214,-6.96,-3.59,-0.38,1214
1215,-7.16,-3.62,-0.24,1215
1216,-7.79,-3.99,-0.3,1216
1217,-7.47,-4.04,0.03,1217
1218,-7.24,-4.1,-0.82,1218
1219,-7.73,-4.27,-0.66,1219
1220,-7.87,-3.97,-0.5,1220
1221,-6.78,-3.75,-0.1,1221
1222,-6.64,-3.49,-0.73,1222
1223,-6.79,-3.54,-0.11,1223
1224,-6.31,-3.24,0.08,1224
1225,-7.09,-3.35,0.45,1225
1226,-6.6,-2.59,1.22,1226
1227,-5.42,-1.72,2.16,1227
1228,-5.08,-1.44,2.66,1228
1229,-5.48,-1.25,2.54,1229
1230,-5.31,-1.17,3.02,1230
1231,-4.58,-0.94,2.95,1231
1232,-4.77,-0.8,3.19,1232
1233,-4.19,-0.94,2.56,1233
1234,-4.13,-0.49,3.07,1234
1235,-3.23,-0.35,3.03,1235
1236,-3.25,-0.46,2.38,1236
1237,-3.17,-0.4,2.49,1237
1238,-2.95,-0.44,2.49,1238
1239,-3.33,-0.49,2.36,1239
1240,-3.08,-0.62,1.8,1240
1241,-3.93,-0.7,1.82,1241
1242,-3.58,-0.89,1.88,1242
1243,-4.22,-0.95,2,1243
1244,-4.18,-1.22,1.9,1244
1245,-4.14,-1.28,1.4,1245
1246,-5.99,-2.68,-0.26,1246
1247,-6.19,-2.95,-0.16,1247
1248,-6.25,-3.15,-0.39,1248
1249,-6.98,-3.68,-0.85,1249
1250,-7.17,-3.81,-1.13,1250
1251,-7.27,-3.87,-0.87,1251
1252,-7.76,-4.27,-1.52,1252
1253,-7.85,-4.58,-1.49,1253
1254,-8.29,-4.96,-1.69,1254
1255,-9.05,-5.41,-2.5,1255
1256,-9.37,-5.79,-2.79,1256
1257,-9.22,-6.04,-2.87,1257
1258,-9.75,-6.24,-2.94,1258
1259,-9.54,-5.96,-3.14,1259
1260,-9.18,-6.13,-3.18,1260
1261,-9.59,-6.2,-3.03,1261
1262,-9.98,-6.28,-2.8,1262
1263,-9.59,-6.13,-3.1,1263
1264,-9.7,-6.01,-2.86,1264
1265,-9.08,-5.13,-2.13,1265
1266,-8.46,-4.82,-1.86,1266
1267,-7.31,-4.25,-1.88,1267
1268,-7.34,-4.09,-1.28,1268
1269,-6.95,-3.86,-1.42,1269
1270,-6.39,-3.79,-1.18,1270
1271,-6.81,-3.83,-1.64,1271
1272,-6.98,-3.72,-1.21,1272
1273,-6.86,-3.78,-0.75,1273
1274,-6.57,-3.27,-0.46,1274
1275,-5.77,-2.97,-0.18,1275
1276,-5.34,-2.38,0.38,1276
1277,-5.1,-2.34,-0.16,1277
1278,-4.78,-2.28,0.29,1278
1279,-4.88,-2.28,0.13,1279
1280,-5.19,-2.62,0.05,1280
1281,-5.32,-2.57,-0.1,1281
1282,-5.14,-2.6,-0.27,1282
1283,-5.19,-2.58,-0.04,1283
1284,-5.4,-2.65,0.14,1284
1285,-5.24,-2.46,-0.12,1285
1286,-5.17,-2.58,-0.17,1286
1287,-5.37,-2.51,0.08,1287
1288,-5.49,-2.59,0.09,1288
1289,-5.33,-2.61,0.33,1289
1290,-5.4,-2.82,-0.17,1290
1291,-5.22,-2.84,-0.12,1291
1292,-5.98,-3.06,-0.57,1292
1293,-6.32,-3.36,-0.52,1293
1294,-6.41,-3.67,-1.09,1294
1295,-6.85,-3.97,-1.23,1295
1296,-6.7,-4.11,-1.88,1296
1297,-7.08,-4.21,-1.45,1297
1298,-7.68,-4.45,-1.85,1298
1299,-7.5,-4.39,-1.3,1299
1300,-7.27,-4.1,-1.35,1300
1301,-6.5,-3.66,-1.13,1301
1302,-6.31,-3.43,-0.79,1302
1303,-6.42,-3.46,-0.79,1303
1304,-6.47,-3.56,-0.96,1304
1305,-6.33,-3.46,-0.89,1305
1306,-6.47,-3.35,-0.52,1306
1307,-5.9,-3.11,-0.09,1307
1308,-5.78,-2.94,-0.28,1308
1309,-5.49,-2.82,-0.28,1309
1310,-5.52,-2.72,0.1,1310
1311,-5.5,-2.42,0.21,1311
1312,-4.86,-2.37,0.29,1312
1313,-4.85,-1.94,1.01,1313
1314,-4.44,-1.91,0.98,1314
1315,-4.35,-1.49,1.3,1315
1316,-4,-1.22,1.68,1316
1317,-3.51,-0.79,1.64,1317
1318,-3.13,-0.44,2.39,1318
1319,-3.28,-0.44,2.63,1319
1320,-3,-0.37,2.16,1320
1321,-2.8,-0.27,2.5,1321
1322,-3.03,-0.12,2.36,1322
1323,-2.78,-0.23,2.26,1323
1324,-3.17,-0.41,2.07,1324
1325,-2.97,-0.39,2.15,1325
1326,-3.24,-0.53,2.06,1326
1327,-3.34,-0.75,1.49,1327
1328,-3.42,-0.97,1.66,1328
1329,-3.66,-1.07,1.39,1329
1330,-4.24,-1.53,1.04,1330
1331,-4.33,-1.63,1.14,1331
1332,-4.51,-1.73,0.64,1332
1333,-4.42,-1.93,0.67,1333
1334,-4.78,-1.97,0.44,1334
1335,-4.92,-2.29,0.22,1335
1336,-4.78,-2.43,0.09,1336
1337,-5.15,-2.46,-0.02,1337
1338,-5.28,-2.66,0.05,1338
1339,-5.78,-2.87,-0.37,1339
1340,-5.46,-3,-0.3,1340
1341,-5.55,-2.91,0.07,1341
1342,-5.81,-3.01,0.03,1342
1343,-5.74,-3,-0.06,1343
1344,-6.02,-2.77,-0.06,1344
1345,-5.55,-2.78,0.1,1345
1346,-5.39,-2.5,-0.09,1346
1347,-5.04,-2.27,0.73,1347
1348,-5.18,-2.13,0.84,1348
1349,-4.99,-1.65,1.11,1349
1350,-5.52,-1.87,1.51,1350
1351,-4.97,-1.8,1.63,1351
1352,-4.72,-1.53,1.34,1352
1353,-4.7,-1.42,1.8,1353
1354,-4.02,-0.73,2.46,1354
1355,-3.88,-0.31,2.6,1355
1356,-3.3,-0.01,2.98,1356
1357,-2.88,0.04,3.37,1357
1358,-2.8,0.25,3.22,1358
1359,-2.51,0.43,3.45,1359
1360,-2.33,0.54,3.55,1360
1361,-2.18,0.7,3.64,1361
1362,-2.57,0.68,3.72,1362
1363,-2.19,0.6,3.96,1363
1364,-2.68,0.34,3.48,1364
1365,-2.78,0.19,3.44,1365
1366,-3.25,-0.19,2.73,1366
1367,-3.44,-0.59,2.13,1367
1368,-3.4,-0.84,1.42,1368
1369,-3.98,-1.07,1.74,1369
1370,-4.5,-1.62,1.53,1370
1371,-4.97,-1.82,1.13,1371
1372,-5.15,-2.14,0.88,1372
1373,-5.05,-2.46,0.15,1373
1374,-5.53,-2.8,-0.35,1374
1375,-5.77,-3.11,-0.68,1375
1376,-6.3,-3.22,-0.63,1376
1377,-7.08,-3.7,-0.78,1377
1378,-7.55,-4.26,-1.04,1378
1379,-7.61,-4.46,-1.82,1379
1380,-7.38,-4.24,-1.19,1380
1381,-7.35,-4.07,-1.04,1381
1382,-7.43,-3.96,-0.75,1382
1383,-7.24,-3.78,0.03,1383
1384,-7.19,-3.68,-0.73,1384
1385,-7.07,-3.76,-0.87,1385
1386,-6.92,-3.64,-0.44,1386
1387,-6.8,-3.55,-0.52,1387
1388,-6.67,-3.43,-0.51,1388
1389,-6.45,-3.13,-0.53,1389
1390,-6.36,-3.04,0.7,1390
1391,-5.58,-2.67,0.36,1391
1392,-5.73,-2.67,0.67,1392
1393,-5.95,-2.55,1,1393
1394,-5.01,-2.12,0.51,1394
1395,-5.17,-1.86,0.9,1395
1396,-4.56,-1.77,0.95,1396
1397,-4.39,-1.35,1.33,1397
1398,-4.1,-1.17,1.76,1398
1399,-3.84,-1.21,1.68,1399
1400,-4.14,-1.28,1.24,1400
1401,-4.3,-1.33,1.56,1401
1402,-4.41,-1.15,1.71,1402
1403,-3.81,-1.32,1.33,1403
1404,-4.46,-1.56,1.32,1404
1405,-4.09,-1.5,1.42,1405
1406,-4.6,-1.78,1.53,1406
1407,-4.68,-1.67,1.15,1407
1408,-4.57,-1.71,1.3,1408
1409,-5.31,-1.85,1,1409
1410,-4.6,-2.21,0.48,1410
1411,-4.87,-1.86,0.89,1411
1412,-5.16,-2,0.64,1412
1413,-5.09,-2.1,1.18,1413
1414,-5.65,-2.15,0.82,1414
1415,-5.69,-2.28,0.72,1415
1416,-5.7,-2.73,0.37,1416
1417,-5.78,-2.77,-0.04,1417
1418,-6.48,-2.94,-0.26,1418
1419,-5.76,-2.94,-0.14,1419
1420,-6.1,-2.75,0.33,1420
1421,-5.88,-2.48,1.09,1421
1422,-5.64,-2.4,0.6,1422
1423,-5.24,-2.12,0.91,1423
1424,-4.97,-2.06,0.94,1424
1425,-5.63,-2.4,0.78,1425
1426,-5.75,-2.44,0.34,1426
1427,-5.66,-2.45,0.28,1427
1428,-5.85,-2.36,0.79,1428
1429,-5.32,-2.17,1.28,1429
1430,-5.3,-1.94,1.63,1430
1431,-5.42,-1.86,1.25,1431
1432,-5.12,-1.74,1.52,1432
1433,-4.74,-1.4,2.09,1433
1434,-3.95,-0.91,2.25,1434
1435,-3.51,-0.71,2.06,1435
1436,-3.48,-0.45,2.41,1436
1437,-3.43,-0.41,2.09,1437
1438,-3.22,-0.35,2.42,1438
1439,-3.38,-0.42,2.45,1439
1440,-3.16,-0.54,2.06,1440
1441,-3.54,-0.5,2.47,1441
1442,-3.39,-0.63,2.08,1442
1443,-3.94,-0.73,2.45,1443
1444,-3.49,-0.74,2.4,1444
1445,-3.4,-0.76,2.52,1445
1446,-3.51,-0.5,2.8,1446
1447,-3.59,-0.44,2.6,1447
1448,-3.13,-0.31,2.8,1448
1449,-2.94,-0.14,2.71,1449
1450,-2.89,-0.4,2.37,1450
1451,-3.02,-0.27,2.51,1451
1452,-3.35,-0.63,2.18,1452
1453,-3.66,-0.93,1.66,1453
1454,-3.95,-0.95,1.76,1454
1455,-4.18,-1.34,1.73,1455
1456,-5.35,-1.88,1.72,1456
1457,-5.77,-2.02,1.46,1457
1458,-5.67,-1.94,1.6,1458
1459,-5.45,-2.26,1.89,1459
1460,-5.99,-2.06,1.46,1460
1461,-6.43,-2.24,1.79,1461
1462,-6.43,-2.25,1.35,1462
1463,-6.26,-2.18,2.45,1463
1464,-6.7,-2.04,2.75,1464
1465,-6.75,-2.16,1.88,1465
1466,-5.93,-2.01,1.69,1466
1467,-6,-1.78,2.13,1467
1468,-6.25,-2.13,1.74,1468
1469,-5.56,-2.12,1.3,1469
1470,-5.09,-2.08,0.83,1470
1471,-5.09,-1.9,1.08,1471
1472,-4.85,-1.82,1.32,1472
1473,-4.89,-1.71,1.59,1473
1474,-4.06,-1.27,1.4,1474
1475,-3.9,-1.09,2.18,1475
1476,-3.46,-1.02,1.64,1476
1477,-3.48,-0.82,1.99,1477
1478,-3.37,-0.5,2.24,1478
1479,-3.44,-0.34,2.6,1479
1480,-3.55,-0.42,3.03,1480
1481,-3.35,0.16,2.78,1481
1482,-2.92,0.13,3.23,1482
1483,-2.54,0.3,3.33,1483
1484,-2.53,0.38,3.66,1484
1485,-2.21,0.48,3.6,1485
1486,-2.5,0.93,3.9,1486
1487,-1.91,0.56,3.81,1487
1488,-2.16,0.61,3.43,1488
1489,-2.18,0.68,3.19,1489
1490,-2.33,0.45,3.31,1490
1491,-2.3,0.27,3.12,1491
1492,-2.41,0.3,2.61,1492
1493,-2.29,0.06,2.73,1493
1494,-2.6,-0.01,2.69,1494
1495,-3.07,-0.49,2.25,1495
1496,-2.93,-0.59,2.23,1496
1497,-3.38,-0.89,1.77,1497
1498,-3.63,-0.84,2.03,1498
1499,-3.76,-1.09,1.75,1499
1500,-4,-1.2,1.72,1500
1501,-4.07,-1.32,1.41,1501
1502,-4.49,-1.49,1.37,1502
1503,-4.4,-1.69,1.58,1503
1504,-4.82,-1.87,0.8,1504
1505,-4.79,-1.75,0.95,1505
1506,-4.22,-1.71,1.02,1506
1507,-4.12,-1.54,0.86,1507
1508,-4.21,-1.15,1.62,1508
1509,-3.1,-0.63,2.21,1509
1510,-2.98,-0.43,2.06,1510
1511,-3.06,-0.58,1.91,1511
1512,-3.57,-0.68,2.06,1512
1513,-3.47,-0.58,1.98,1513
1514,-3.01,-0.56,1.97,1514
1515,-3.47,-0.75,1.84,1515
1516,-3.55,-0.7,1.87,1516
1517,-2.75,-0.5,1.98,1517
1518,-2.9,-0.29,2.83,1518
1519,-3.18,-0.39,2.37,1519
1520,-3.05,-0.32,2.06,1520
1521,-3.04,-0.21,2.22,1521
1522,-3.01,-0.55,2,1522
1523,-3.01,-0.51,2.26,1523
1524,-3.29,-0.73,2,1524
1525,-3.28,-0.86,1.52,1525
1526,-3.63,-1.16,1.51,1526
1527,-4.1,-1.36,1.39,1527
1528,-4.23,-1.72,0.77,1528
1529,-4.88,-2.23,0.56,1529
1530,-5.08,-2.37,0.25,1530
1531,-5.83,-2.75,0.08,1531
1532,-6.21,-3.07,-0.34,1532
1533,-5.93,-3.1,-0.67,1533
1534,-6.38,-3.28,-0.83,1534
1535,-6.35,-3.59,-0.97,1535
1536,-6.56,-3.57,-0.3,1536
1537,-6.26,-3.32,-0.7,1537
1538,-6.35,-3.38,-0.96,1538
1539,-6.01,-3.26,-0.47,1539
1540,-5.62,-2.87,-0.11,1540
1541,-5.03,-2.49,0.17,1541
1542,-5.64,-2.24,0.34,1542
1543,-4.54,-1.95,0.91,1543
1544,-4.46,-1.43,1.39,1544
1545,-4.9,-1.8,1.51,1545
1546,-5.96,-2.63,0.59,1546
1547,-6.31,-3.1,-0.5,1547
1548,-6.34,-3.26,-0.67,1548
1549,-6.56,-3.17,-0.14,1549
1550,-6.2,-2.75,0.45,1550
1551,-5.3,-2.47,0.2,1551
1552,-5.45,-2.11,0.63,1552
1553,-4.84,-1.74,0.89,1553
1554,-4.17,-1.78,1.34,1554
1555,-4.14,-1.69,0.99,1555
1556,-3.96,-1.39,1.25,1556
1557,-4.05,-1.27,1.55,1557
1558,-3.77,-1.19,1.12,1558
1559,-4.17,-0.69,1.91,1559
1560,-2.9,-0.52,1.72,1560
1561,-2.39,0.03,2.75,1561
1562,-3.01,-0.02,2.56,1562
1563,-3.02,0.19,2.84,1563
1564,-2.88,-0.18,2.41,1564
1565,-2.89,-0.16,2.17,1565
1566,-3.3,-0.51,1.82,1566
1567,-3.18,-0.31,1.91,1567
1568,-3.29,-0.62,2.57,1568
1569,-3.35,-0.5,2.28,1569
1570,-3.56,-1.21,1.1,1570
1571,-4.48,-1.58,1.06,1571
1572,-4.65,-1.63,0.51,1572
1573,-4.34,-1.85,0.86,1573
1574,-5.01,-1.97,0.45,1574
1575,-4.89,-2.02,0.8,1575
1576,-5.28,-2.36,0.24,1576
1577,-5.36,-2.7,0.15,1577
1578,-5.22,-2.67,-0.3,1578
1579,-5.77,-2.7,0.25,1579
1580,-5.81,-2.77,-0.13,1580
1581,-5.53,-2.4,0.33,1581
1582,-5.17,-2.24,0.87,1582
1583,-5.01,-2.21,0.17,1583
1584,-5.15,-1.98,0.94,1584
1585,-5.01,-2.25,0.45,1585
1586,-5.31,-2.24,0.77,1586
1587,-5.63,-2.3,0.79,1587
1588,-5.51,-2.39,0.87,1588
1589,-5.6,-2.56,0.2,1589
1590,-5.09,-2.27,0.46,1590
1591,-4.91,-2.11,1.32,1591
1592,-5.27,-2.05,0.33,1592
1593,-5.01,-1.92,0.75,1593
1594,-4.89,-1.86,1.2,1594
1595,-5.28,-2.1,0.49,1595
1596,-4.93,-1.88,0.99,1596
1597,-5.12,-1.98,0.97,1597
1598,-4.28,-1.69,1.33,1598
1599,-4.55,-1.48,0.89,1599
1600,-4.65,-1.76,1.22,1600
1601,-3.76,-1.15,2.36,1601
1602,-3.25,-0.77,2.18,1602
1603,-3.93,-0.7,1.96,1603
1604,-2.91,-0.65,2.03,1604
1605,-2.96,-0.23,2.67,1605
1606,-3.07,-0.17,3.01,1606
1607,-2.83,-0.02,2.71,1607
1608,-2.53,0.09,2.76,1608
1609,-2.41,-0.06,2.75,1609
1610,-2.57,-0.24,2.65,1610
1611,-2.81,0.03,2.59,1611
1612,-3.11,0.06,2.43,1612
1613,-3.16,-0.03,2.71,1613
1614,-3.46,-0.66,2.42,1614
1615,-3.33,-0.71,2.96,1615
1616,-4.18,-0.64,1.94,1616
1617,-3.85,-0.81,2.26,1617
1618,-4.16,-0.77,1.93,1618
1619,-4.8,-1.05,1.87,1619
1620,-3.89,-1.1,1.57,1620
1621,-4.27,-1.15,1.86,1621
1622,-4.08,-1.05,1.4,1622
1623,-4.35,-1.18,1.55,1623
1624,-4.31,-1.28,0.83,1624
1625,-4.62,-1.51,1.29,1625
1626,-4.45,-1.49,1.35,1626
1627,-3.84,-1.51,1.05,1627
1628,-4.21,-1.34,1.46,1628
1629,-4.09,-1.14,2,1629
1630,-2.95,-0.47,1.92,1630
1631,-2.68,-0.27,2.89,1631
1632,-2.78,-0.12,2.61,1632
1633,-2.53,0.14,2.53,1633
1634,-2.68,0.34,3.19,1634
1635,-2.52,0.11,2.54,1635
1636,-2.86,0.09,3.03,1636
1637,-3.19,-0.33,2.11,1637
1638,-3.07,-0.26,2.76,1638
1639,-3.17,-0.52,2.39,1639
1640,-3.35,-0.58,2.36,1640
1641,-3.87,-0.59,1.93,1641
1642,-3.98,-1.24,0.63,1642
1643,-4.63,-1.72,0.4,1643
1644,-4.75,-2.06,0.64,1644
1645,-4.72,-2.32,0.9,1645
1646,-5.21,-2.16,0.08,1646
1647,-5.48,-2.55,-0.11,1647
1648,-5.65,-2.84,-0.43,1648
1649,-5.82,-2.65,0.22,1649
1650,-5.16,-2.68,-0.23,1650
1651,-5.56,-2.74,-0.26,1651
1652,-5.17,-2.7,0.29,1652
1653,-5.87,-2.79,-0.01,1653
1654,-5.63,-2.74,0.15,1654
1655,-5.81,-3.02,-0.55,1655
1656,-5.7,-3.06,-0.57,1656
1657,-6.05,-3.06,-0.5,1657
1658,-5.94,-2.88,-0.45,1658
1659,-5.43,-2.65,0.03,1659
1660,-5.35,-2.74,0.1,1660
1661,-5.43,-2.79,-0.73,1661
1662,-5.19,-2.73,-0.44,1662
1663,-5.25,-3.03,-0.79,1663
1664,-5.89,-3.08,-0.8,1664
1665,-5.76,-3.07,-0.69,1665
1666,-5.89,-3.01,-0.08,1666
1667,-5.31,-2.85,-0.27,1667
1668,-5.55,-2.62,0.08,1668
1669,-5.08,-2.53,-0.05,1669
1670,-5.15,-2.51,0.05,1670
1671,-5,-2.2,-0.28,1671
1672,-4.66,-2.23,0.14,1672
1673,-4.08,-1.67,0.89,1673
1674,-3.88,-1.46,1.29,1674
1675,-3.62,-1.22,1.13,1675
1676,-3.43,-0.76,1.79,1676
1677,-3.21,-0.43,2.35,1677
1678,-2.95,-0.09,2.02,1678
1679,-2.34,-0.03,2.56,1679
1680,-2.16,0.05,2.92,1680
1681,-2.7,0.07,2.76,1681
1682,-2.64,0,2.43,1682
1683,-2.44,-0.04,2.47,1683
1684,-2.96,0.11,2.47,1684
1685,-2.49,0.31,2.85,1685
1686,-2.96,0.1,2.51,1686
1687,-2.8,0.16,2.29,1687
1688,-3.53,-0.35,2.6,1688
1689,-3.17,-0.48,1.87,1689
1690,-3.97,-0.84,1.69,1690
1691,-4.12,-1.11,1.55,1691
1692,-4.7,-1.72,1.2,1692
1693,-5.33,-2.28,0.49,1693
1694,-5.68,-2.59,0.25,1694
1695,-6.13,-2.93,-0.07,1695
1696,-5.7,-2.96,-0.11,1696
1697,-5.72,-2.49,-0.07,1697
1698,-5.87,-2.55,-0.23,1698
1699,-4.54,-2.37,0.63,1699
1700,-4.98,-2.19,0.5,1700
1701,-4.55,-2.17,0.04,1701
1702,-4.72,-1.99,0.78,1702
1703,-4.58,-1.93,1.07,1703
1704,-4.49,-1.43,1.12,1704
1705,-3.85,-0.95,1.46,1705
1706,-3.4,-0.82,1.55,1706
1707,-3.4,-1.1,1.81,1707
1708,-3.68,-0.89,1.64,1708
1709,-3.83,-1.12,1.61,1709
1710,-4.51,-1.47,1.32,1710
1711,-4.94,-1.69,0.85,1711
1712,-4.94,-1.92,1.22,1712
1713,-5.34,-1.89,1.08,1713
1714,-5.39,-1.94,1.79,1714
1715,-4.85,-1.76,1.07,1715
1716,-4.87,-1.84,0.78,1716
1717,-4.82,-1.68,1.19,1717
1718,-4.48,-1.75,0.37,1718
1719,-4.92,-2.18,0.92,1719
1720,-4.79,-2.42,0.56,1720
1721,-5.26,-2.52,-0.09,1721
1722,-5.61,-2.73,0.05,1722
1723,-5.55,-2.72,0.04,1723
1724,-5.68,-2.71,0.16,1724
1725,-5.37,-2.52,0.35,1725
1726,-4.87,-2.38,0.21,1726
1727,-5.07,-2.12,0.99,1727
1728,-5.3,-1.61,1.57,1728
1729,-3.96,-0.88,2.11,1729
1730,-2.7,-0.09,2.23,1730
1731,-2.83,-0.06,2.42,1731
1732,-2.94,-0.28,2.61,1732
1733,-2.96,-0.2,3.14,1733
1734,-2.55,-0.15,2.72,1734
1735,-2.81,-0.09,2.56,1735
1736,-2.58,-0.14,2.14,1736
1737,-2.34,-0.42,2.89,1737
1738,-2.65,-0.21,2.59,1738
1739,-2.84,-0.35,2.41,1739
1740,-3.16,-0.41,1.78,1740
1741,-2.94,-0.44,2.08,1741
1742,-3.2,-0.35,2.6,1742
1743,-3.17,-0.35,2.26,1743
1744,-3.38,-0.5,2.34,1744
1745,-3.12,-0.68,1.82,1745
1746,-4.05,-1.02,1.78,1746
1747,-4.24,-1.34,1.77,1747
1748,-4.88,-1.33,1.12,1748
1749,-4.27,-1.32,1.38,1749
1750,-4.03,-1.42,1.25,1750
1751,-4.23,-1.59,1.49,1751
1752,-4.68,-1.3,1.26,1752
1753,-4.18,-1.37,1.11,1753
1754,-4.1,-1.45,1.35,1754
1755,-4.57,-1.55,0.96,1755
1756,-3.92,-1.18,1.55,1756
1757,-3.99,-1.41,1.47,1757
1758,-4.61,-1.63,1.02,1758
1759,-4.1,-1.43,1.42,1759
1760,-4.23,-1.37,1.54,1760
1761,-3.95,-1.1,1.57,1761
1762,-3.77,-0.53,2.37,1762
1763,-2.75,0.22,2.92,1763
1764,-2.11,0.39,3.08,1764
1765,-1.5,0.68,2.99,1765
1766,-2.34,0.39,3.38,1766
1767,-1.46,0.56,3.21,1767
1768,-2.14,0.64,3.61,1768
1769,-1.94,0.46,3.27,1769
1770,-1.85,0.91,3.62,1770
1771,-1.4,1.03,4.65,1771
1772,-1.92,1.23,4.11,1772
1773,-1.32,1.63,4.81,1773
1774,-0.71,1.85,4.14,1774
1775,-0.66,1.95,4.61,1775
1776,-1.23,1.72,4.55,1776
1777,-0.76,1.53,4.37,1777
1778,-1.06,1.36,3.85,1778
1779,-1.63,1.24,4.08,1779
1780,-2.19,0.64,3.56,1780
1781,-1.95,0.55,3.01,1781
1782,-3.32,-0.57,1.95,1782
1783,-3.67,-0.63,2.04,1783
1784,-3.45,-0.61,1.81,1784
1785,-4.1,-0.86,1.31,1785
1786,-3.81,-1.17,1.86,1786
1787,-3.75,-1.26,1.38,1787
1788,-3.33,-1.12,1.88,1788
1789,-3.89,-1.06,1.62,1789
1790,-4,-1,1.81,1790
1791,-3.8,-1.15,1.29,1791
1792,-4.21,-1,1.82,1792
1793,-3.93,-1.23,1.62,1793
1794,-4.22,-0.98,1.34,1794
1795,-3.51,-1.12,1.78,1795
1796,-3.37,-0.96,1.48,1796
1797,-3.42,-1.13,1.4,1797
1798,-3.42,-0.84,1.63,1798
1799,-3.28,-0.74,1.33,1799
1800,-3.43,-0.77,1.54,1800
1801,-2.94,-0.66,1.68,1801
1802,-3.43,-0.47,1.91,1802
1803,-2.82,-0.17,2.8,1803
1804,-2.91,-0.01,2.94,1804
1805,-2.22,0.51,2.85,1805
1806,-2.33,0.52,3.08,1806
1807,-2.98,0.49,3.5,1807
1808,-3.06,-0.2,2.79,1808
1809,-3.44,-0.18,3.37,1809
1810,-2.69,0,2.65,1810
1811,-2.92,-0.06,2.77,1811
1812,-2.9,-0.42,2.73,1812
1813,-2.99,-0.39,2.21,1813
1814,-2.8,-0.52,2.22,1814
1815,-3.09,-0.46,2.28,1815
1816,-2.84,-0.03,2.85,1816
1817,-2.7,-0.06,2.13,1817
1818,-2.78,0.06,3.06,1818
1819,-2.23,0.09,3.25,1819
1820,-1.99,0.26,2.97,1820
1821,-1.85,0.17,2.85,1821
1822,-2.06,0.2,2.96,1822
1823,-1.78,0.53,3.31,1823
1824,-2.04,0.71,3.2,1824
1825,-1.77,0.58,2.97,1825
1826,-1.91,0.34,2.94,1826
1827,-2.28,0.33,3.08,1827
1828,-1.92,0.61,2.98,1828
1829,-2.14,0.5,2.49,1829
1830,-2.77,0.32,3.14,1830
1831,-2.35,-0.04,2.37,1831
1832,-2.73,-0.14,2.49,1832
1833,-2.88,-0.23,2.54,1833
1834,-2.91,-0.09,3.07,1834
1835,-2.76,-0.15,2.53,1835
1836,-2.59,-0.04,3.4,1836
1837,-2.71,0.33,3.01,1837
1838,-2.79,0.14,3.74,1838
1839,-2.77,0.46,3.01,1839
1840,-2.11,0.74,3.4,1840
1841,-2.06,0.68,3.5,1841
1842,-1.95,0.51,3.34,1842
1843,-2.1,0.79,4.04,1843
1844,-1.42,0.76,3.08,1844
1845,-1.55,1.1,3.92,1845
1846,-1.15,1.05,3.07,1846
1847,-0.96,0.94,3.61,1847
1848,-1.63,0.96,3.49,1848
1849,-1.54,0.93,4.21,1849
1850,-1.45,1.13,3.56,1850
1851,-1.81,0.91,3.72,1851
1852,-3.05,-0.12,3.39,1852
1853,-4.17,-1,1.8,1853
1854,-3.46,-0.81,2.17,1854
1855,-3.7,-0.52,1.62,1855
1856,-3.48,-0.88,1.63,1856
1857,-3.2,-0.46,2.32,1857
1858,-3.33,-0.92,1.7,1858
1859,-3.58,-1.02,1.79,1859
1860,-3.58,-0.92,1.61,1860
1861,-4.1,-0.98,2.18,1861
1862,-4.15,-0.86,2.04,1862
1863,-3.28,-0.64,2.1,1863
1864,-4,-1.04,2.12,1864
1865,-4.19,-0.73,2.28,1865
1866,-3.83,-0.16,2.51,1866
1867,-4.09,-0.36,2.35,1867
1868,-3.38,-0.62,2.46,1868
1869,-2.98,-0.51,2.53,1869
1870,-2.81,-0.14,2.63,1870
1871,-3.14,0.18,3.11,1871
1872,-2.28,-0.09,2.47,1872
1873,-2.97,-0.11,3.2,1873
1874,-2.55,0.07,2.59,1874
1875,-2.51,-0.24,2.34,1875
1876,-2.62,-0.09,2.42,1876
1877,-3.02,-0.17,2.58,1877
1878,-2.61,-0.03,2.59,1878
1879,-2.56,-0.01,3.21,1879
1880,-2.34,0.61,3.6,1880
1881,-2.92,0.57,3.51,1881
1882,-2.88,0.67,3.68,1882
1883,-2.51,0.67,3.63,1883
1884,-2.32,0.72,3.64,1884
1885,-2.07,0.65,3.44,1885
1886,-1.87,0.62,3.66,1886
1887,-2.01,1.13,3.61,1887
1888,-1.66,0.75,3.42,1888
1889,-1.84,0.77,3.18,1889
1890,-0.97,0.92,3.64,1890
1891,-1.5,1,3.66,1891
1892,-1.32,1.04,3.32,1892
1893,-1.28,0.95,3.21,1893
1894,-1.25,0.79,2.99,1894
1895,-1.52,0.65,3.87,1895
1896,-2.22,0.28,3.15,1896
1897,-2.69,-0.22,3.09,1897
1898,-3.29,-0.71,2.04,1898
1899,-3.58,-0.79,1.08,1899
1900,-4.3,-1.44,1.27,1900
1901,-4.26,-1.29,1.1,1901
1902,-4.5,-1.37,1.19,1902
1903,-3.66,-1.44,1.12,1903
1904,-3.8,-1.12,1.27,1904
1905,-3.81,-1.23,1.63,1905
1906,-3.87,-1.04,1.25,1906
1907,-3.72,-0.49,2.03,1907
1908,-3.37,-0.39,2.36,1908
1909,-3.18,-0.22,2.7,1909
1910,-3.23,0.43,3.03,1910
1911,-2.55,0.37,3.68,1911
1912,-3.41,0.3,3.08,1912
1913,-3.05,0.11,3.32,1913
1914,-3.38,0.05,3.07,1914
1915,-3.02,0.13,2.58,1915
1916,-3.04,0.09,2.22,1916
1917,-3.37,0.14,2.69,1917
1918,-2.17,0.04,2.44,1918
1919,-2.59,0.17,2.81,1919
1920,-1.91,0.37,2.54,1920
1921,-1.93,0.69,3.24,1921
1922,-2.05,0.73,3.42,1922
1923,-1.58,1.13,3.81,1923
1924,-1.12,1.51,3.93,1924
1925,-2.16,1.26,3.98,1925
1926,-1.82,1.36,4.02,1926
1927,-1.87,1.12,4.08,1927
1928,-1.53,1.17,4.13,1928
1929,-1.89,1.24,4.66,1929
1930,-1.35,1.52,4.45,1930
1931,-1.19,1.76,4.71,1931
1932,-1.1,1.43,4.44,1932
1933,-1.17,1.55,4.17,1933
1934,-1.42,1.14,4.03,1934
1935,-2.36,0.51,3.57,1935
1936,-2.87,0.49,3.21,1936
1937,-2.13,0.45,2.83,1937
1938,-2.47,0.07,2.98,1938
1939,-2.48,0.26,2.81,1939
1940,-2.56,0.43,3.15,1940
1941,-2.88,0.44,3.55,1941
1942,-3.09,0.18,3.19,1942
1943,-2.93,-0.05,2.55,1943
1944,-3.54,-0.27,2.57,1944
1945,-4.43,-0.48,2.76,1945
1946,-4.52,-0.71,2.79,1946
1947,-4.81,-0.59,3.49,1947
1948,-5.58,-0.83,2.79,1948
1949,-6.05,-0.82,3.09,1949
1950,-5.37,-1.19,3.08,1950
1951,-6.64,-0.73,3.86,1951
1952,-4.8,-0.33,3.69,1952
1953,-4.32,-0.4,3.13,1953
1954,-4.7,-0.41,3.27,1954
1955,-3.47,-0.06,3.22,1955
1956,-3.51,-0.3,3.02,1956
1957,-3.08,-0.08,2.45,1957
1958,-2.39,0.39,3.44,1958
1959,-2.05,0.36,3.19,1959
1960,-2.27,0.59,3.34,1960
1961,-1.95,0.42,2.63,1961
1962,-1.56,0.73,3.55,1962
1963,-2.09,0.5,3.33,1963
1964,-2.25,0.67,3.66,1964
1965,-1.32,0.92,3.86,1965
1966,-1.8,0.92,3.53,1966
1967,-2.29,0.88,4.02,1967
1968,-1.56,1.11,3.7,1968
1969,-1.87,0.99,3.88,1969
1970,-1.82,0.82,3.78,1970
1971,-1.6,0.92,4.15,1971
1972,-1.61,1.09,4.5,1972
1973,-1.93,1.63,4.04,1973
1974,-0.64,1.93,4.69,1974
1975,-0.87,1.98,4.56,1975
1976,-0.48,1.91,4.63,1976
1977,-0.58,2.1,4.66,1977
1978,-0.69,1.82,4.47,1978
1979,-1.16,1.59,4.41,1979
1980,-0.72,1.76,4.04,1980
1981,-0.59,1.69,4.47,1981
1982,-0.78,1.59,3.79,1982
1983,-1.06,1.72,4.63,1983
1984,-0.52,1.63,4.53,1984
1985,-0.79,1.35,3.87,1985
1986,-1.31,1.26,4.06,1986
1987,-1.2,1.18,3.87,1987
1988,-1.5,1.44,3.61,1988
1989,-1.39,1.48,4.24,1989
1990,-1.18,1.41,3.88,1990
1991,-1.38,1.35,4.4,1991
1992,-1.01,1.52,4.42,1992
1993,-1.54,1.28,4.19,1993
1994,-1.53,1.13,4.46,1994
1995,-1.38,1.11,3.56,1995
1996,-2.46,0.78,3.79,1996
1997,-1.19,1.18,3.68,1997
1998,-2.22,0.81,3.46,1998
1999,-1.74,0.81,4.33,1999
2000,-2.07,0.72,2.99,2000
